epoch,step,train_loss
0,49,0.9233055710792542
0,99,0.984895646572113
0,149,0.9308727979660034
0,199,0.6747416257858276
0,249,1.3389917612075806
